family	arm	condition	artifact_paths_json	artifact_sha256s_json	artifact_set_sha256	raw_n	ordered_id_sha256	source_frame_n	prompt_sha256_ordered_hash	canonical_checkpoint_sha256s_json	transport_checkpoint_sha256s_json	model_processor_revisions_json	output_schema_versions_json	environment_sha256s_json	hardware_runtime_lineage	ledger_reconciled	record_hashes_valid	status
stage2_primary	plain	grey	"[""data/external/execution/v11-final-2653-20260830-f8349fa0/incoming/shards/stage2/stage2_primary/plain__grey/worker_0/records.jsonl"", ""data/external/execution/v11-final-2653-20260830-f8349fa0/incoming/shards/stage2/stage2_primary/plain__grey/worker_1/records.jsonl"", ""data/external/execution/v11-final-2653-20260830-f8349fa0/incoming/shards/stage2/stage2_primary/plain__grey/worker_2/records.jsonl"", ""data/external/execution/v11-final-2653-20260830-f8349fa0/incoming/shards/stage2/stage2_primary/plain__grey/worker_3/records.jsonl"", ""data/external/execution/v11-final-2653-20260830-f8349fa0/incoming/shards/stage2/stage2_primary/plain__grey/worker_4/records.jsonl"", ""data/external/execution/v11-final-2653-20260830-f8349fa0/incoming/shards/stage2/stage2_primary/plain__grey/worker_5/records.jsonl""]"	"[""4d66811835b772a829b1b1f05d65631339869909176abd45b4f6fc7492206e6c"", ""b2fd75e6c411117a33ad09f9565dfe0d170c1c058ab09617914d5973928f770d"", ""a8093272efba84f12a89c0e6c325ae8e145f8b3c1a77337fc47b11935d5b0633"", ""540667a7ad5b8022680275c64614ae2345b066f9052897e6e35661fdb1fcee39"", ""64970cb5cc28b4af36572532867a5d2a8c56ffbbbda6a76a546393eb139de44b"", ""c06755057ff1f3bf103db60198454fb274a45a3427690f5d4f39a1cd7efc65d2""]"	600f6acf0b1b71a92191261ec0830b1375df0b7738102198c488dcd9bc254572	2653	65cd7a6aa4665d475f3663a6aec054a1eeb99bc283ba841cc20384abb257aa17	2400	502f909669b6be5887377a5e3b2657b32b4cdaea4d12b692ea21bf283527c7ac	"[""e629c5c818e527b810e6df8d6707e7c634f17ff984280479a992fb2b558569cb""]"	"[""5c5627554f044d10b9c7c891aab756a81245e70bdee213d27648887b0e48079b""]"	"[""66285546d2b821cf421d4f5eb2576359d3770cd3""]"	"[""stage2-primary-v1""]"	"[""1413e536e25e8e7dfd44db61b6c3a3a37f88c1a8d372299712c071ad04626220"", ""f13e596bf2974677f2d476dcc77b594f77d4f9427d27dae4f99b846d8c7c7bdf""]"	homogeneous qualified RTX-5090 production lineage	True	True	PASS
stage2_primary	plain	mask	"[""data/external/execution/v11-final-2653-20260830-f8349fa0/incoming/shards/stage2/stage2_primary/plain__mask/worker_0/records.jsonl"", ""data/external/execution/v11-final-2653-20260830-f8349fa0/incoming/shards/stage2/stage2_primary/plain__mask/worker_1/records.jsonl"", ""data/external/execution/v11-final-2653-20260830-f8349fa0/incoming/shards/stage2/stage2_primary/plain__mask/worker_2/records.jsonl"", ""data/external/execution/v11-final-2653-20260830-f8349fa0/incoming/shards/stage2/stage2_primary/plain__mask/worker_3/records.jsonl"", ""data/external/execution/v11-final-2653-20260830-f8349fa0/incoming/shards/stage2/stage2_primary/plain__mask/worker_4/records.jsonl"", ""data/external/execution/v11-final-2653-20260830-f8349fa0/incoming/shards/stage2/stage2_primary/plain__mask/worker_5/records.jsonl""]"	"[""a013a1df8376f31785c14f2df329647653dba103ef9c29edc79fe912ad27129b"", ""9eb37dee5e0bca5fe439e5bdbf377717c7f3c122372214159da338268073909f"", ""213d4f0a96fd6255646161730292e901458f3d803a8c6a9d489e1228c727bf41"", ""1b66eeee83e1227d0f28be01ad1983f3e333be6ae63befd182a08a7799b77f4c"", ""8ef9d5f260fab705c87cd5f3475876f3468d44c3a432bd3915019612c0baabe2"", ""0cc85bc9d5fe0deab59e458f35f310118d2d0dac3bacd601d811a92dde24a5d7""]"	5bb894ea8ebe1af51d31ecb7e9c1f23e7507127b560713f7152b90f5237ade9c	2653	65cd7a6aa4665d475f3663a6aec054a1eeb99bc283ba841cc20384abb257aa17	2400	502f909669b6be5887377a5e3b2657b32b4cdaea4d12b692ea21bf283527c7ac	"[""e629c5c818e527b810e6df8d6707e7c634f17ff984280479a992fb2b558569cb""]"	"[""5c5627554f044d10b9c7c891aab756a81245e70bdee213d27648887b0e48079b""]"	"[""66285546d2b821cf421d4f5eb2576359d3770cd3""]"	"[""stage2-primary-v1""]"	"[""1413e536e25e8e7dfd44db61b6c3a3a37f88c1a8d372299712c071ad04626220"", ""f13e596bf2974677f2d476dcc77b594f77d4f9427d27dae4f99b846d8c7c7bdf""]"	homogeneous qualified RTX-5090 production lineage	True	True	PASS
stage2_primary	plain	mirror	"[""data/external/execution/v11-final-2653-20260830-f8349fa0/incoming/shards/stage2/stage2_primary/plain__mirror/worker_0/records.jsonl"", ""data/external/execution/v11-final-2653-20260830-f8349fa0/incoming/shards/stage2/stage2_primary/plain__mirror/worker_1/records.jsonl"", ""data/external/execution/v11-final-2653-20260830-f8349fa0/incoming/shards/stage2/stage2_primary/plain__mirror/worker_2/records.jsonl"", ""data/external/execution/v11-final-2653-20260830-f8349fa0/incoming/shards/stage2/stage2_primary/plain__mirror/worker_3/records.jsonl"", ""data/external/execution/v11-final-2653-20260830-f8349fa0/incoming/shards/stage2/stage2_primary/plain__mirror/worker_4/records.jsonl"", ""data/external/execution/v11-final-2653-20260830-f8349fa0/incoming/shards/stage2/stage2_primary/plain__mirror/worker_5/records.jsonl""]"	"[""dee3c226ab08616a8ddc454fb8a0e29deb63333f76de465b10079dfcf8d254a4"", ""b2f6664447d2e4468feb8f86f2f345a69d37bf4ca8ea3d17cd58a4927c276cb9"", ""80d2b20c2004ee18ddc9ba4ea055a3f3d87d53fd71b0ec6022f4bcde9f6abddd"", ""285aac7a69096a4b5b9f8c349d075e08550cc140f327fdc64b52367d39402772"", ""c9a29f31de4c65d897782183a1f4d62ad18cd01f6e251377b2048eed47cb0326"", ""67b22a4abb8618defc1177be232df0e1d4f11a7ae7eb09e5bab6cd4a25cbfad4""]"	06b87d6df0b5f1c493e64a853b5252fa161ca9833c0d69d77ad47211e9012a04	2653	65cd7a6aa4665d475f3663a6aec054a1eeb99bc283ba841cc20384abb257aa17	2400	502f909669b6be5887377a5e3b2657b32b4cdaea4d12b692ea21bf283527c7ac	"[""e629c5c818e527b810e6df8d6707e7c634f17ff984280479a992fb2b558569cb""]"	"[""5c5627554f044d10b9c7c891aab756a81245e70bdee213d27648887b0e48079b""]"	"[""66285546d2b821cf421d4f5eb2576359d3770cd3""]"	"[""stage2-primary-v1""]"	"[""1413e536e25e8e7dfd44db61b6c3a3a37f88c1a8d372299712c071ad04626220"", ""f13e596bf2974677f2d476dcc77b594f77d4f9427d27dae4f99b846d8c7c7bdf""]"	homogeneous qualified RTX-5090 production lineage	True	True	PASS
stage2_primary	plain	mismatch	"[""data/external/execution/v11-final-2653-20260830-f8349fa0/incoming/shards/stage2/stage2_primary/plain__mismatch/worker_0/records.jsonl"", ""data/external/execution/v11-final-2653-20260830-f8349fa0/incoming/shards/stage2/stage2_primary/plain__mismatch/worker_1/records.jsonl"", ""data/external/execution/v11-final-2653-20260830-f8349fa0/incoming/shards/stage2/stage2_primary/plain__mismatch/worker_2/records.jsonl"", ""data/external/execution/v11-final-2653-20260830-f8349fa0/incoming/shards/stage2/stage2_primary/plain__mismatch/worker_3/records.jsonl"", ""data/external/execution/v11-final-2653-20260830-f8349fa0/incoming/shards/stage2/stage2_primary/plain__mismatch/worker_4/records.jsonl"", ""data/external/execution/v11-final-2653-20260830-f8349fa0/incoming/shards/stage2/stage2_primary/plain__mismatch/worker_5/records.jsonl""]"	"[""2be24016fd5489b2d563965cb20a0af75aca2e1c13cedcf085bbf3a73e1cff94"", ""e6965b697ab6b8b0554c482e54a2dc595958ce15696a8449b1f7801c06cc2f3c"", ""00ebc5735d0f585accef21a361b2169b8a057fff9037894671aa0929acb04dbe"", ""6166c9097a736321e27096b2018a75b03b95629e3db76945efdee909423b69c0"", ""ca64001a10592bf8d8597af5d75e7f2d311df2190cb453b27f5e6204e19ff180"", ""3e98b1a5a64573073e27d4635aebdd43ddaa259b45bff1ac7168c1634198bc61""]"	24ad8593f995a135ad5f8ef5e99b8572ca813679eaa8e34853a3715923f60f4e	2653	65cd7a6aa4665d475f3663a6aec054a1eeb99bc283ba841cc20384abb257aa17	2400	502f909669b6be5887377a5e3b2657b32b4cdaea4d12b692ea21bf283527c7ac	"[""e629c5c818e527b810e6df8d6707e7c634f17ff984280479a992fb2b558569cb""]"	"[""5c5627554f044d10b9c7c891aab756a81245e70bdee213d27648887b0e48079b""]"	"[""66285546d2b821cf421d4f5eb2576359d3770cd3""]"	"[""stage2-primary-v1""]"	"[""1413e536e25e8e7dfd44db61b6c3a3a37f88c1a8d372299712c071ad04626220"", ""f13e596bf2974677f2d476dcc77b594f77d4f9427d27dae4f99b846d8c7c7bdf""]"	homogeneous qualified RTX-5090 production lineage	True	True	PASS
stage2_primary	plain	noise	"[""data/external/execution/v11-final-2653-20260830-f8349fa0/incoming/shards/stage2/stage2_primary/plain__noise/worker_0/records.jsonl"", ""data/external/execution/v11-final-2653-20260830-f8349fa0/incoming/shards/stage2/stage2_primary/plain__noise/worker_1/records.jsonl"", ""data/external/execution/v11-final-2653-20260830-f8349fa0/incoming/shards/stage2/stage2_primary/plain__noise/worker_2/records.jsonl"", ""data/external/execution/v11-final-2653-20260830-f8349fa0/incoming/shards/stage2/stage2_primary/plain__noise/worker_3/records.jsonl"", ""data/external/execution/v11-final-2653-20260830-f8349fa0/incoming/shards/stage2/stage2_primary/plain__noise/worker_4/records.jsonl"", ""data/external/execution/v11-final-2653-20260830-f8349fa0/incoming/shards/stage2/stage2_primary/plain__noise/worker_5/records.jsonl""]"	"[""c43a44ac29f8a8067f9bb1da630cae0474f0c5fb8fb007d1cce8e26c1e148b13"", ""e3042fd01a71169c8bf4f82bc7f557f65a81296c08f50424f528304f663f887b"", ""eb85d6e1d2c940e1f5945cfb13f9e71ecd5298b3870620b805243c8d6fc42478"", ""f6f155a46cc31326a5b6373a91541a45820d1834d316ef58eb713777637dae78"", ""5613c2ef649e6e1c710f8f3b7ca00ec9f02511c9aacc483f98480d92c91339df"", ""516a438728a77ab5d9a3a8fb6de22b0f8c03b596dd9c8e2c516b88bb41ab38d0""]"	1692e9b056ad86157a8a352805349451d1dcaa87f5759e2f9bd95b9ce42abb02	2653	65cd7a6aa4665d475f3663a6aec054a1eeb99bc283ba841cc20384abb257aa17	2400	502f909669b6be5887377a5e3b2657b32b4cdaea4d12b692ea21bf283527c7ac	"[""e629c5c818e527b810e6df8d6707e7c634f17ff984280479a992fb2b558569cb""]"	"[""5c5627554f044d10b9c7c891aab756a81245e70bdee213d27648887b0e48079b""]"	"[""66285546d2b821cf421d4f5eb2576359d3770cd3""]"	"[""stage2-primary-v1""]"	"[""1413e536e25e8e7dfd44db61b6c3a3a37f88c1a8d372299712c071ad04626220"", ""f13e596bf2974677f2d476dcc77b594f77d4f9427d27dae4f99b846d8c7c7bdf""]"	homogeneous qualified RTX-5090 production lineage	True	True	PASS
stage2_primary	plain	source	"[""data/external/execution/v11-final-2653-20260830-f8349fa0/incoming/shards/stage2/stage2_primary/plain__source/worker_0/records.jsonl"", ""data/external/execution/v11-final-2653-20260830-f8349fa0/incoming/shards/stage2/stage2_primary/plain__source/worker_1/records.jsonl"", ""data/external/execution/v11-final-2653-20260830-f8349fa0/incoming/shards/stage2/stage2_primary/plain__source/worker_2/records.jsonl"", ""data/external/execution/v11-final-2653-20260830-f8349fa0/incoming/shards/stage2/stage2_primary/plain__source/worker_3/records.jsonl"", ""data/external/execution/v11-final-2653-20260830-f8349fa0/incoming/shards/stage2/stage2_primary/plain__source/worker_4/records.jsonl"", ""data/external/execution/v11-final-2653-20260830-f8349fa0/incoming/shards/stage2/stage2_primary/plain__source/worker_5/records.jsonl""]"	"[""d46f680f58420fa402e3deb8e0cb5234c1ed3695b2cc690c91f450f435d3577a"", ""d47cfee52eab539c97125a1278523f9a4a0017612819e506ef7c78a218976459"", ""664049489f2c08d1b4bf7443c5f2db04bc09b347d60ec8f3b695ae71034eb32f"", ""75ad4f8b6d1eb68bf0644663b5234d7f73757765621fe8d7f39f8366de901ba0"", ""a4a8c7e2f07a5117a2d5c53d75b36acca638d9196e61d903bd0c30cd905fbb48"", ""2e2b846aa1d9bf131d7edd95b7409d1854f5f32abf0b5cad3a68613ad301672e""]"	53c5eb8558e42852e7c63422f489129cf4fbf50f34df1889f2f2f99be474a71e	2653	65cd7a6aa4665d475f3663a6aec054a1eeb99bc283ba841cc20384abb257aa17	2400	502f909669b6be5887377a5e3b2657b32b4cdaea4d12b692ea21bf283527c7ac	"[""e629c5c818e527b810e6df8d6707e7c634f17ff984280479a992fb2b558569cb""]"	"[""5c5627554f044d10b9c7c891aab756a81245e70bdee213d27648887b0e48079b""]"	"[""66285546d2b821cf421d4f5eb2576359d3770cd3""]"	"[""stage2-primary-v1""]"	"[""1413e536e25e8e7dfd44db61b6c3a3a37f88c1a8d372299712c071ad04626220"", ""f13e596bf2974677f2d476dcc77b594f77d4f9427d27dae4f99b846d8c7c7bdf""]"	homogeneous qualified RTX-5090 production lineage	True	True	PASS
stage2_primary	plain_desc	grey	"[""data/external/execution/v11-final-2653-20260830-f8349fa0/incoming/shards/stage2/stage2_primary/plain_desc__grey/worker_0/records.jsonl"", ""data/external/execution/v11-final-2653-20260830-f8349fa0/incoming/shards/stage2/stage2_primary/plain_desc__grey/worker_1/records.jsonl"", ""data/external/execution/v11-final-2653-20260830-f8349fa0/incoming/shards/stage2/stage2_primary/plain_desc__grey/worker_2/records.jsonl"", ""data/external/execution/v11-final-2653-20260830-f8349fa0/incoming/shards/stage2/stage2_primary/plain_desc__grey/worker_3/records.jsonl"", ""data/external/execution/v11-final-2653-20260830-f8349fa0/incoming/shards/stage2/stage2_primary/plain_desc__grey/worker_4/records.jsonl"", ""data/external/execution/v11-final-2653-20260830-f8349fa0/incoming/shards/stage2/stage2_primary/plain_desc__grey/worker_5/records.jsonl""]"	"[""da2a6786b731a1b20b7b42951199e39c69e34203ea0201119e4903c105648c07"", ""bff94dfe85375b46cfd3baf6be122d3eb0f8efeaf7dfc47b3ce87ce87331e06d"", ""7c6590e9dac4113a057b83a3d8c82edaa47253334c106b8d0833f88594aeaf45"", ""8694ca20a5822e234dc11a65b7433ec96c10c8e9d139989da1a31dbc8e5ef604"", ""737ccee6eb3dd738c1ae9ddfbcbc61de4a36165c6c015aed698b8f2d50dd7bd5"", ""b3c78b62fbfe6ba88ea54002b031e5728f6b496c149d78143344e37cc13de116""]"	0e256c00d32013a325acaa8c86b381b39cd074675a650ac999975d7143b16907	2653	65cd7a6aa4665d475f3663a6aec054a1eeb99bc283ba841cc20384abb257aa17	2400	0a548435ed13997afb0b3f82c7c53a299c7f6bdfade5b93f913d35c2e0f29c4b	"[""b6016869c99b4ef27099f0e40aba3f28a6ea9528820144203b0ba06dbcb9a6b8""]"	"[""05a32ade19c26dc61eb5eaa3202c20bb3e084aa36eb944ed0d16627125b02e09""]"	"[""66285546d2b821cf421d4f5eb2576359d3770cd3""]"	"[""stage2-primary-v1""]"	"[""1413e536e25e8e7dfd44db61b6c3a3a37f88c1a8d372299712c071ad04626220"", ""f13e596bf2974677f2d476dcc77b594f77d4f9427d27dae4f99b846d8c7c7bdf""]"	homogeneous qualified RTX-5090 production lineage	True	True	PASS
stage2_primary	plain_desc	mask	"[""data/external/execution/v11-final-2653-20260830-f8349fa0/incoming/shards/stage2/stage2_primary/plain_desc__mask/worker_0/records.jsonl"", ""data/external/execution/v11-final-2653-20260830-f8349fa0/incoming/shards/stage2/stage2_primary/plain_desc__mask/worker_1/records.jsonl"", ""data/external/execution/v11-final-2653-20260830-f8349fa0/incoming/shards/stage2/stage2_primary/plain_desc__mask/worker_2/records.jsonl"", ""data/external/execution/v11-final-2653-20260830-f8349fa0/incoming/shards/stage2/stage2_primary/plain_desc__mask/worker_3/records.jsonl"", ""data/external/execution/v11-final-2653-20260830-f8349fa0/incoming/shards/stage2/stage2_primary/plain_desc__mask/worker_4/records.jsonl"", ""data/external/execution/v11-final-2653-20260830-f8349fa0/incoming/shards/stage2/stage2_primary/plain_desc__mask/worker_5/records.jsonl""]"	"[""13ee9e5ba4162586f8057ce6e38afedd9367723e3d0e54559d6ac6773f0e725a"", ""e2bc4dd42cd5b212b072fffbea1556a1bc734abf5a71976b8d276c728a72d084"", ""92de9a498851bd1fa4a84f3eae4ddc5339d73f67502992324f6939d01e6e51ca"", ""a18ae22199ef3c75ec0319b2cb3d73c37833c09741d93208eced1efc2a275d8d"", ""146dea90769329f50f3566bfab6d5a2340d41a247389bfbd24df97eecd5b9a89"", ""e8e518a979880c5755e738505c398c502cd8cab0deb7dae77a0fbfbb92f2515c""]"	9deee3d751bff87ffb61675b6db5ceedbede7b2e8f9f1405da47f6addea48df4	2653	65cd7a6aa4665d475f3663a6aec054a1eeb99bc283ba841cc20384abb257aa17	2400	0a548435ed13997afb0b3f82c7c53a299c7f6bdfade5b93f913d35c2e0f29c4b	"[""b6016869c99b4ef27099f0e40aba3f28a6ea9528820144203b0ba06dbcb9a6b8""]"	"[""05a32ade19c26dc61eb5eaa3202c20bb3e084aa36eb944ed0d16627125b02e09""]"	"[""66285546d2b821cf421d4f5eb2576359d3770cd3""]"	"[""stage2-primary-v1""]"	"[""1413e536e25e8e7dfd44db61b6c3a3a37f88c1a8d372299712c071ad04626220"", ""f13e596bf2974677f2d476dcc77b594f77d4f9427d27dae4f99b846d8c7c7bdf""]"	homogeneous qualified RTX-5090 production lineage	True	True	PASS
stage2_primary	plain_desc	mirror	"[""data/external/execution/v11-final-2653-20260830-f8349fa0/incoming/shards/stage2/stage2_primary/plain_desc__mirror/worker_0/records.jsonl"", ""data/external/execution/v11-final-2653-20260830-f8349fa0/incoming/shards/stage2/stage2_primary/plain_desc__mirror/worker_1/records.jsonl"", ""data/external/execution/v11-final-2653-20260830-f8349fa0/incoming/shards/stage2/stage2_primary/plain_desc__mirror/worker_2/records.jsonl"", ""data/external/execution/v11-final-2653-20260830-f8349fa0/incoming/shards/stage2/stage2_primary/plain_desc__mirror/worker_3/records.jsonl"", ""data/external/execution/v11-final-2653-20260830-f8349fa0/incoming/shards/stage2/stage2_primary/plain_desc__mirror/worker_4/records.jsonl"", ""data/external/execution/v11-final-2653-20260830-f8349fa0/incoming/shards/stage2/stage2_primary/plain_desc__mirror/worker_5/records.jsonl""]"	"[""933b0d0bbe3fb4849035e6169024f27159fdf9d0267c15c3a1d88a7561371639"", ""cf4de4d2e6104f31fe764bef52ca77135f70b85af03a0bcbc5ccf16f90b49cdf"", ""1a4d9bf96ec9c3ed41c717100b5ffa415d7322bc210b1b5c77788fa8316fa127"", ""abf8e00500fd21591c86437fb75799027f57466e67e6a0a7156d45f4f5d88cbc"", ""00430da78e9b2c361f926d0e7a5487d9d72c655b2b731d279c2ddc13909d69c8"", ""432b2df46f895fa534dc562ab012d3c2b5f26161523cdcff93a0e61215f915b3""]"	8bdd3150564db72d8c66f56b2f2c02a6d5866958f70068ad5a307e463b1a7a7d	2653	65cd7a6aa4665d475f3663a6aec054a1eeb99bc283ba841cc20384abb257aa17	2400	0a548435ed13997afb0b3f82c7c53a299c7f6bdfade5b93f913d35c2e0f29c4b	"[""b6016869c99b4ef27099f0e40aba3f28a6ea9528820144203b0ba06dbcb9a6b8""]"	"[""05a32ade19c26dc61eb5eaa3202c20bb3e084aa36eb944ed0d16627125b02e09""]"	"[""66285546d2b821cf421d4f5eb2576359d3770cd3""]"	"[""stage2-primary-v1""]"	"[""1413e536e25e8e7dfd44db61b6c3a3a37f88c1a8d372299712c071ad04626220"", ""f13e596bf2974677f2d476dcc77b594f77d4f9427d27dae4f99b846d8c7c7bdf""]"	homogeneous qualified RTX-5090 production lineage	True	True	PASS
stage2_primary	plain_desc	mismatch	"[""data/external/execution/v11-final-2653-20260830-f8349fa0/incoming/shards/stage2/stage2_primary/plain_desc__mismatch/worker_0/records.jsonl"", ""data/external/execution/v11-final-2653-20260830-f8349fa0/incoming/shards/stage2/stage2_primary/plain_desc__mismatch/worker_1/records.jsonl"", ""data/external/execution/v11-final-2653-20260830-f8349fa0/incoming/shards/stage2/stage2_primary/plain_desc__mismatch/worker_2/records.jsonl"", ""data/external/execution/v11-final-2653-20260830-f8349fa0/incoming/shards/stage2/stage2_primary/plain_desc__mismatch/worker_3/records.jsonl"", ""data/external/execution/v11-final-2653-20260830-f8349fa0/incoming/shards/stage2/stage2_primary/plain_desc__mismatch/worker_4/records.jsonl"", ""data/external/execution/v11-final-2653-20260830-f8349fa0/incoming/shards/stage2/stage2_primary/plain_desc__mismatch/worker_5/records.jsonl""]"	"[""06c3ef9b1a9436292f46325b2605a1e2ca263b721627457ab62aa59dbb07ec8e"", ""bd647089fa3c3c2fd1eec439eeb7aab35c25625d0226ec37a3bb47a4172a13cd"", ""be1d2f3ff8800673316ce5cf16d833c1ce6f5aed456232379a8dea9d13cb77e9"", ""dcd0b7eb2df10cad3a57012ed366dbc3573cdd53ced4e8ffc41042331bafa20f"", ""0eddf36e90507fe9833b297581b0ee4c2130942a54e39d5252d8908b4c52e3fa"", ""bcd9d33d5b41f740c850b81d0c8b8eb98539b8070593b6fb7449b3396ad39177""]"	d531f4020ad4294798752b30bd9763f0f269bf3961305917d5c6d00d7691c30e	2653	65cd7a6aa4665d475f3663a6aec054a1eeb99bc283ba841cc20384abb257aa17	2400	0a548435ed13997afb0b3f82c7c53a299c7f6bdfade5b93f913d35c2e0f29c4b	"[""b6016869c99b4ef27099f0e40aba3f28a6ea9528820144203b0ba06dbcb9a6b8""]"	"[""05a32ade19c26dc61eb5eaa3202c20bb3e084aa36eb944ed0d16627125b02e09""]"	"[""66285546d2b821cf421d4f5eb2576359d3770cd3""]"	"[""stage2-primary-v1""]"	"[""1413e536e25e8e7dfd44db61b6c3a3a37f88c1a8d372299712c071ad04626220"", ""f13e596bf2974677f2d476dcc77b594f77d4f9427d27dae4f99b846d8c7c7bdf""]"	homogeneous qualified RTX-5090 production lineage	True	True	PASS
stage2_primary	plain_desc	noise	"[""data/external/execution/v11-final-2653-20260830-f8349fa0/incoming/shards/stage2/stage2_primary/plain_desc__noise/worker_0/records.jsonl"", ""data/external/execution/v11-final-2653-20260830-f8349fa0/incoming/shards/stage2/stage2_primary/plain_desc__noise/worker_1/records.jsonl"", ""data/external/execution/v11-final-2653-20260830-f8349fa0/incoming/shards/stage2/stage2_primary/plain_desc__noise/worker_2/records.jsonl"", ""data/external/execution/v11-final-2653-20260830-f8349fa0/incoming/shards/stage2/stage2_primary/plain_desc__noise/worker_3/records.jsonl"", ""data/external/execution/v11-final-2653-20260830-f8349fa0/incoming/shards/stage2/stage2_primary/plain_desc__noise/worker_4/records.jsonl"", ""data/external/execution/v11-final-2653-20260830-f8349fa0/incoming/shards/stage2/stage2_primary/plain_desc__noise/worker_5/records.jsonl""]"	"[""48f22bb22abfedf58f66129bb25e5b8fa147b4a89cbc90c8e029ba369397eaba"", ""861c9046e79cf88dff1ae52916f86f6f7bb973aa272f0129060a1b7d5351189a"", ""832c6ab0b7f7215397b5766647880f69dc1e941f0b3e7a80a20fff07ed8cfe29"", ""f859596fb9ceb1889ef89ec5ae352b8c062a015abbf15ab07b0792d9567b0c2d"", ""df17f8ba5f1f1d99f9bd926467dfe4606c5c1be7402c9111232660f4216af55c"", ""864c9647a76b21f384c5ad60cebcfa106a499bd4f8a1293aedd645a2516c097f""]"	ec302c3f4331bba1ce4a05b89c9c7d8695e28c61a6d06c019eb1070b04568790	2653	65cd7a6aa4665d475f3663a6aec054a1eeb99bc283ba841cc20384abb257aa17	2400	0a548435ed13997afb0b3f82c7c53a299c7f6bdfade5b93f913d35c2e0f29c4b	"[""b6016869c99b4ef27099f0e40aba3f28a6ea9528820144203b0ba06dbcb9a6b8""]"	"[""05a32ade19c26dc61eb5eaa3202c20bb3e084aa36eb944ed0d16627125b02e09""]"	"[""66285546d2b821cf421d4f5eb2576359d3770cd3""]"	"[""stage2-primary-v1""]"	"[""1413e536e25e8e7dfd44db61b6c3a3a37f88c1a8d372299712c071ad04626220"", ""f13e596bf2974677f2d476dcc77b594f77d4f9427d27dae4f99b846d8c7c7bdf""]"	homogeneous qualified RTX-5090 production lineage	True	True	PASS
stage2_primary	plain_desc	source	"[""data/external/execution/v11-final-2653-20260830-f8349fa0/incoming/shards/stage2/stage2_primary/plain_desc__source/worker_0/records.jsonl"", ""data/external/execution/v11-final-2653-20260830-f8349fa0/incoming/shards/stage2/stage2_primary/plain_desc__source/worker_1/records.jsonl"", ""data/external/execution/v11-final-2653-20260830-f8349fa0/incoming/shards/stage2/stage2_primary/plain_desc__source/worker_2/records.jsonl"", ""data/external/execution/v11-final-2653-20260830-f8349fa0/incoming/shards/stage2/stage2_primary/plain_desc__source/worker_3/records.jsonl"", ""data/external/execution/v11-final-2653-20260830-f8349fa0/incoming/shards/stage2/stage2_primary/plain_desc__source/worker_4/records.jsonl"", ""data/external/execution/v11-final-2653-20260830-f8349fa0/incoming/shards/stage2/stage2_primary/plain_desc__source/worker_5/records.jsonl""]"	"[""99688c6158b162caab2eb344fd464f06d4aae987f2581388bb8983bf7e384afe"", ""5ebe7378ee3c478dc9b076e26284ce2a057209fb1da7e867b404290110b52244"", ""3342cd50fe5632caaff6325d66c70acd0c48092bfaf00840f9c73332e221d12c"", ""5ec60c9fb21ab523f52680107af3ff3cf9a2033ae611412beb895a0789946f26"", ""c024cd6137a7a6c35c8e2551fd1cfec1b3f47cba2db9ce4f73357cc58c6dc2fc"", ""46dc4e55997cd4093e86957e5f414710953d835f60293e9461af46e97be29616""]"	72cb8ea605c30cdf85861d1bad2c2c9fd60f4b2547f31975e8f0c659af5ce5a1	2653	65cd7a6aa4665d475f3663a6aec054a1eeb99bc283ba841cc20384abb257aa17	2400	0a548435ed13997afb0b3f82c7c53a299c7f6bdfade5b93f913d35c2e0f29c4b	"[""b6016869c99b4ef27099f0e40aba3f28a6ea9528820144203b0ba06dbcb9a6b8""]"	"[""05a32ade19c26dc61eb5eaa3202c20bb3e084aa36eb944ed0d16627125b02e09""]"	"[""66285546d2b821cf421d4f5eb2576359d3770cd3""]"	"[""stage2-primary-v1""]"	"[""1413e536e25e8e7dfd44db61b6c3a3a37f88c1a8d372299712c071ad04626220"", ""f13e596bf2974677f2d476dcc77b594f77d4f9427d27dae4f99b846d8c7c7bdf""]"	homogeneous qualified RTX-5090 production lineage	True	True	PASS
stage2_primary	point	grey	"[""data/external/execution/v11-final-2653-20260830-f8349fa0/incoming/shards/stage2/stage2_primary/point__grey/worker_0/records.jsonl"", ""data/external/execution/v11-final-2653-20260830-f8349fa0/incoming/shards/stage2/stage2_primary/point__grey/worker_1/records.jsonl"", ""data/external/execution/v11-final-2653-20260830-f8349fa0/incoming/shards/stage2/stage2_primary/point__grey/worker_2/records.jsonl"", ""data/external/execution/v11-final-2653-20260830-f8349fa0/incoming/shards/stage2/stage2_primary/point__grey/worker_3/records.jsonl"", ""data/external/execution/v11-final-2653-20260830-f8349fa0/incoming/shards/stage2/stage2_primary/point__grey/worker_4/records.jsonl"", ""data/external/execution/v11-final-2653-20260830-f8349fa0/incoming/shards/stage2/stage2_primary/point__grey/worker_5/records.jsonl""]"	"[""836ef232bb74b6ec89dd99151daa1bbe3919bcf47241e3ace96509791c801068"", ""30dab5856c192aed9d2b70dfe1b7e5ec5717a20013ef15e471a45674aa7cb7f6"", ""3677eb2bae89f88fbf13022e7ee022f1647656a41e0514e83be57e15d0c58e3b"", ""e8ce5e7fa619851dc5d76125ea630acab71368a387ae9ecd259ea3c817ee491b"", ""0885f0e43b86b8fd38dd40f527c52226b5b2476e80bf8b67e2a835cb79950dd5"", ""1e29198abcc0c9c6f87726377b1b48a42ca50301a28e3d06fd1dbcb2dbcff7cc""]"	cb43756d43fca06d35526a1575387fcc54a8e3e1f87267198b2a698a75b8c16e	2653	65cd7a6aa4665d475f3663a6aec054a1eeb99bc283ba841cc20384abb257aa17	2400	502f909669b6be5887377a5e3b2657b32b4cdaea4d12b692ea21bf283527c7ac	"[""5cfa9a692280ff79ad93192e55c10292eacf69b2a05123f9a0d8957217f1931a""]"	"[""873dc3cf20a34f66b8456e5863b443353ed170a93a6a4ada334663b22afce44f""]"	"[""66285546d2b821cf421d4f5eb2576359d3770cd3""]"	"[""stage2-primary-v1""]"	"[""1413e536e25e8e7dfd44db61b6c3a3a37f88c1a8d372299712c071ad04626220"", ""f13e596bf2974677f2d476dcc77b594f77d4f9427d27dae4f99b846d8c7c7bdf""]"	homogeneous qualified RTX-5090 production lineage	True	True	PASS
stage2_primary	point	mask	"[""data/external/execution/v11-final-2653-20260830-f8349fa0/incoming/shards/stage2/stage2_primary/point__mask/worker_0/records.jsonl"", ""data/external/execution/v11-final-2653-20260830-f8349fa0/incoming/shards/stage2/stage2_primary/point__mask/worker_1/records.jsonl"", ""data/external/execution/v11-final-2653-20260830-f8349fa0/incoming/shards/stage2/stage2_primary/point__mask/worker_2/records.jsonl"", ""data/external/execution/v11-final-2653-20260830-f8349fa0/incoming/shards/stage2/stage2_primary/point__mask/worker_3/records.jsonl"", ""data/external/execution/v11-final-2653-20260830-f8349fa0/incoming/shards/stage2/stage2_primary/point__mask/worker_4/records.jsonl"", ""data/external/execution/v11-final-2653-20260830-f8349fa0/incoming/shards/stage2/stage2_primary/point__mask/worker_5/records.jsonl""]"	"[""5c6663ac36905b796fb458177d9aa98a316430230b4f580c8173ae5606d4ab5b"", ""8bca0340d44a8c8656584ee4133333605d2ece477ad5e17007deb80f24521f7d"", ""604e7551b2a717d8b266361211450fdab782b77814c3a3eea0dcd0bb409183e5"", ""5b9264040fd615504d34b7de8da3f48728e44e5709ccbeb32ba5e227f5e5baa8"", ""074346a81ac32ac77753a6addae86f2b7df078bc8fe0d819906c545d4a929766"", ""0325ea466d2a5ae2ddc656f11fa27fe9dc56379298ab3ffb9a3a5905e0200e00""]"	af142083bbdb6ce8096e4d46c042c93463dd76d7b9aaf89f1add317627b897af	2653	65cd7a6aa4665d475f3663a6aec054a1eeb99bc283ba841cc20384abb257aa17	2400	502f909669b6be5887377a5e3b2657b32b4cdaea4d12b692ea21bf283527c7ac	"[""5cfa9a692280ff79ad93192e55c10292eacf69b2a05123f9a0d8957217f1931a""]"	"[""873dc3cf20a34f66b8456e5863b443353ed170a93a6a4ada334663b22afce44f""]"	"[""66285546d2b821cf421d4f5eb2576359d3770cd3""]"	"[""stage2-primary-v1""]"	"[""1413e536e25e8e7dfd44db61b6c3a3a37f88c1a8d372299712c071ad04626220"", ""f13e596bf2974677f2d476dcc77b594f77d4f9427d27dae4f99b846d8c7c7bdf""]"	homogeneous qualified RTX-5090 production lineage	True	True	PASS
stage2_primary	point	mirror	"[""data/external/execution/v11-final-2653-20260830-f8349fa0/incoming/shards/stage2/stage2_primary/point__mirror/worker_0/records.jsonl"", ""data/external/execution/v11-final-2653-20260830-f8349fa0/incoming/shards/stage2/stage2_primary/point__mirror/worker_1/records.jsonl"", ""data/external/execution/v11-final-2653-20260830-f8349fa0/incoming/shards/stage2/stage2_primary/point__mirror/worker_2/records.jsonl"", ""data/external/execution/v11-final-2653-20260830-f8349fa0/incoming/shards/stage2/stage2_primary/point__mirror/worker_3/records.jsonl"", ""data/external/execution/v11-final-2653-20260830-f8349fa0/incoming/shards/stage2/stage2_primary/point__mirror/worker_4/records.jsonl"", ""data/external/execution/v11-final-2653-20260830-f8349fa0/incoming/shards/stage2/stage2_primary/point__mirror/worker_5/records.jsonl""]"	"[""5bfa3c97e1766ebc68688167ec21fe2ff8ff04be0225c739ded6d1db333f94d5"", ""d6a078375579f14840b42f2683bcc2cb4b7718b5252b899af8116d0bb6d6420d"", ""6a1153026aeb6797b15bf28743f96e929a3bb75a1cc5facbd992a3f7ff9b3cce"", ""0b5b89474fc7aaa318b669c8e6affa722fa8b441523a37767029b7a3f50e9811"", ""32a46179aa7431ae471572deb7d1c72b70047217058e9a063cb392d0cfb2a7ef"", ""dc5437782a6d15ef495535cd38184adda3460d58b5b8ef6fe1dbd04e99f2b5a9""]"	35464265d5cb6d6d3055610aacf9cc8aef7f1cb2eb4ef1c36fc26fb7a57e73cc	2653	65cd7a6aa4665d475f3663a6aec054a1eeb99bc283ba841cc20384abb257aa17	2400	502f909669b6be5887377a5e3b2657b32b4cdaea4d12b692ea21bf283527c7ac	"[""5cfa9a692280ff79ad93192e55c10292eacf69b2a05123f9a0d8957217f1931a""]"	"[""873dc3cf20a34f66b8456e5863b443353ed170a93a6a4ada334663b22afce44f""]"	"[""66285546d2b821cf421d4f5eb2576359d3770cd3""]"	"[""stage2-primary-v1""]"	"[""1413e536e25e8e7dfd44db61b6c3a3a37f88c1a8d372299712c071ad04626220"", ""f13e596bf2974677f2d476dcc77b594f77d4f9427d27dae4f99b846d8c7c7bdf""]"	homogeneous qualified RTX-5090 production lineage	True	True	PASS
stage2_primary	point	mismatch	"[""data/external/execution/v11-final-2653-20260830-f8349fa0/incoming/shards/stage2/stage2_primary/point__mismatch/worker_0/records.jsonl"", ""data/external/execution/v11-final-2653-20260830-f8349fa0/incoming/shards/stage2/stage2_primary/point__mismatch/worker_1/records.jsonl"", ""data/external/execution/v11-final-2653-20260830-f8349fa0/incoming/shards/stage2/stage2_primary/point__mismatch/worker_2/records.jsonl"", ""data/external/execution/v11-final-2653-20260830-f8349fa0/incoming/shards/stage2/stage2_primary/point__mismatch/worker_3/records.jsonl"", ""data/external/execution/v11-final-2653-20260830-f8349fa0/incoming/shards/stage2/stage2_primary/point__mismatch/worker_4/records.jsonl"", ""data/external/execution/v11-final-2653-20260830-f8349fa0/incoming/shards/stage2/stage2_primary/point__mismatch/worker_5/records.jsonl""]"	"[""23d9b71bfd3ae2bc72fd48b2ef6a849eb9a8081a11599f13d7381f00a7330990"", ""be51d71f87e5a8067e24ef75d815176a1bb1b50ad5a92d44361dc07a0f6fc116"", ""deed8cb29f3b5ca4c09ba662587a93616657257e1bab403ea4b5f7b47f0c62b8"", ""a5beaecd4d6fe7393d63032c16b6f30b196e8b1ef86e84fc75ac2db13f7abfe8"", ""2c64d23fe7444f5a16fe65e6d68c8721c8f28180d00eaeecb31d5d749c9e11d7"", ""692adfe70e1d17f4e0607e3292069dda7f4511dbd21f13b56723d71f00bfad2e""]"	f32271e0df8603471ebead30bd5c53bc1439c1a85785cadb3a75213b76d6a7c8	2653	65cd7a6aa4665d475f3663a6aec054a1eeb99bc283ba841cc20384abb257aa17	2400	502f909669b6be5887377a5e3b2657b32b4cdaea4d12b692ea21bf283527c7ac	"[""5cfa9a692280ff79ad93192e55c10292eacf69b2a05123f9a0d8957217f1931a""]"	"[""873dc3cf20a34f66b8456e5863b443353ed170a93a6a4ada334663b22afce44f""]"	"[""66285546d2b821cf421d4f5eb2576359d3770cd3""]"	"[""stage2-primary-v1""]"	"[""1413e536e25e8e7dfd44db61b6c3a3a37f88c1a8d372299712c071ad04626220"", ""f13e596bf2974677f2d476dcc77b594f77d4f9427d27dae4f99b846d8c7c7bdf""]"	homogeneous qualified RTX-5090 production lineage	True	True	PASS
stage2_primary	point	noise	"[""data/external/execution/v11-final-2653-20260830-f8349fa0/incoming/shards/stage2/stage2_primary/point__noise/worker_0/records.jsonl"", ""data/external/execution/v11-final-2653-20260830-f8349fa0/incoming/shards/stage2/stage2_primary/point__noise/worker_1/records.jsonl"", ""data/external/execution/v11-final-2653-20260830-f8349fa0/incoming/shards/stage2/stage2_primary/point__noise/worker_2/records.jsonl"", ""data/external/execution/v11-final-2653-20260830-f8349fa0/incoming/shards/stage2/stage2_primary/point__noise/worker_3/records.jsonl"", ""data/external/execution/v11-final-2653-20260830-f8349fa0/incoming/shards/stage2/stage2_primary/point__noise/worker_4/records.jsonl"", ""data/external/execution/v11-final-2653-20260830-f8349fa0/incoming/shards/stage2/stage2_primary/point__noise/worker_5/records.jsonl""]"	"[""f1cfc4d25c40c8a23eb9e0ddc86a183932d6cfdd5491255a90a21ea0ca6fa158"", ""c695e3db650ee10f5d9c7970129ea56edcaa8a5a4fa5da0a42bca276cfccb040"", ""140d0b9dedccc4feccd1d4a5820a6d23726c43968e00b3e389a6250a1a37447a"", ""2532a42348e0106115fdd9b50f500fcaed8a4fedfef041ec65585a4c94d62151"", ""05d9b2b106c1d4db0e447827aafb523323cc6fc2ba0683db2a8ddc996e72252f"", ""e24d95ed37ae4e02cc23de9eb9ad370d94d5db9098a9755da93217c810fcf4f4""]"	791ae53fdd6c1ca3c8dde3d4ac8b5ed3f1ffa8aca424a933d030cc3b6da0a9bc	2653	65cd7a6aa4665d475f3663a6aec054a1eeb99bc283ba841cc20384abb257aa17	2400	502f909669b6be5887377a5e3b2657b32b4cdaea4d12b692ea21bf283527c7ac	"[""5cfa9a692280ff79ad93192e55c10292eacf69b2a05123f9a0d8957217f1931a""]"	"[""873dc3cf20a34f66b8456e5863b443353ed170a93a6a4ada334663b22afce44f""]"	"[""66285546d2b821cf421d4f5eb2576359d3770cd3""]"	"[""stage2-primary-v1""]"	"[""1413e536e25e8e7dfd44db61b6c3a3a37f88c1a8d372299712c071ad04626220"", ""f13e596bf2974677f2d476dcc77b594f77d4f9427d27dae4f99b846d8c7c7bdf""]"	homogeneous qualified RTX-5090 production lineage	True	True	PASS
stage2_primary	point	source	"[""data/external/execution/v11-final-2653-20260830-f8349fa0/incoming/shards/stage2/stage2_primary/point__source/worker_0/records.jsonl"", ""data/external/execution/v11-final-2653-20260830-f8349fa0/incoming/shards/stage2/stage2_primary/point__source/worker_1/records.jsonl"", ""data/external/execution/v11-final-2653-20260830-f8349fa0/incoming/shards/stage2/stage2_primary/point__source/worker_2/records.jsonl"", ""data/external/execution/v11-final-2653-20260830-f8349fa0/incoming/shards/stage2/stage2_primary/point__source/worker_3/records.jsonl"", ""data/external/execution/v11-final-2653-20260830-f8349fa0/incoming/shards/stage2/stage2_primary/point__source/worker_4/records.jsonl"", ""data/external/execution/v11-final-2653-20260830-f8349fa0/incoming/shards/stage2/stage2_primary/point__source/worker_5/records.jsonl""]"	"[""7a6cc2e459a0c7162c51b28bd9db399b5f47370a32346dd49b21024e2d6d6614"", ""ce840eea0e45f68ddfd1d1aaed3af337ad7069fbab6c94d6354f5fd85c70a508"", ""5d22c478979027ff123c8079bb9dadf9400533b6e829b36ff646f8f18473b443"", ""b1965dd21408196154d6b40291b6577a6ab51b3e9bac681376a239b6540facb8"", ""2ae6a2b98ec221495e7af37efffa5a3a562f8f55c6bc8c762a1334bdd1045dd0"", ""d0719e72c64e0b9251cbf75663391731acf391ff01d81a7c9b8738545e15be39""]"	aaa5dc70af0bee5f88b185b5191b41b6ec2b48bfafc2d5b36152bf1e022fd011	2653	65cd7a6aa4665d475f3663a6aec054a1eeb99bc283ba841cc20384abb257aa17	2400	502f909669b6be5887377a5e3b2657b32b4cdaea4d12b692ea21bf283527c7ac	"[""5cfa9a692280ff79ad93192e55c10292eacf69b2a05123f9a0d8957217f1931a""]"	"[""873dc3cf20a34f66b8456e5863b443353ed170a93a6a4ada334663b22afce44f""]"	"[""66285546d2b821cf421d4f5eb2576359d3770cd3""]"	"[""stage2-primary-v1""]"	"[""1413e536e25e8e7dfd44db61b6c3a3a37f88c1a8d372299712c071ad04626220"", ""f13e596bf2974677f2d476dcc77b594f77d4f9427d27dae4f99b846d8c7c7bdf""]"	homogeneous qualified RTX-5090 production lineage	True	True	PASS
stage2_primary	point_desc	grey	"[""data/external/execution/v11-final-2653-20260830-f8349fa0/incoming/shards/stage2/stage2_primary/point_desc__grey/worker_0/records.jsonl"", ""data/external/execution/v11-final-2653-20260830-f8349fa0/incoming/shards/stage2/stage2_primary/point_desc__grey/worker_1/records.jsonl"", ""data/external/execution/v11-final-2653-20260830-f8349fa0/incoming/shards/stage2/stage2_primary/point_desc__grey/worker_2/records.jsonl"", ""data/external/execution/v11-final-2653-20260830-f8349fa0/incoming/shards/stage2/stage2_primary/point_desc__grey/worker_3/records.jsonl"", ""data/external/execution/v11-final-2653-20260830-f8349fa0/incoming/shards/stage2/stage2_primary/point_desc__grey/worker_4/records.jsonl"", ""data/external/execution/v11-final-2653-20260830-f8349fa0/incoming/shards/stage2/stage2_primary/point_desc__grey/worker_5/records.jsonl""]"	"[""ed8a2c8a133edfd4b75b454e0756fed17bf67e5d2ef5ca3e0b14bb347a4b0bf9"", ""441ef7850a11fa2010649a8bd4c665cd19eff7f6c7975bac9d1bfd366c837dab"", ""b6b1e92579821d642f9c6382fac06a42f846023ef830169fd75b236ff2bf97ba"", ""bed599347d6add4fd5a4883e765a524459e6e60d64441dfe19d928c4ba5dacb4"", ""e7e29e0e3f86e6a534c2d681d74efbbe074aff198677bf8fb5784c79b8332ca6"", ""706145868c3ef997b08e45a69a6393f0cb03e258012702e5fdf7814647bcfeb0""]"	1f77d15df70058daf13d41905011ff2b113b4f2b7224fe8682f71b23ac6b430a	2653	65cd7a6aa4665d475f3663a6aec054a1eeb99bc283ba841cc20384abb257aa17	2400	0a548435ed13997afb0b3f82c7c53a299c7f6bdfade5b93f913d35c2e0f29c4b	"[""4735e4a954069f07f0d22e0228a3839d1f678b7c86f898d64f1a4a7a38546e12""]"	"[""0bdc606d92f115533dbc22704697217ca856f4ee7739174ae77a7de15fadf38a""]"	"[""66285546d2b821cf421d4f5eb2576359d3770cd3""]"	"[""stage2-primary-v1""]"	"[""1413e536e25e8e7dfd44db61b6c3a3a37f88c1a8d372299712c071ad04626220"", ""f13e596bf2974677f2d476dcc77b594f77d4f9427d27dae4f99b846d8c7c7bdf""]"	homogeneous qualified RTX-5090 production lineage	True	True	PASS
stage2_primary	point_desc	mask	"[""data/external/execution/v11-final-2653-20260830-f8349fa0/incoming/shards/stage2/stage2_primary/point_desc__mask/worker_0/records.jsonl"", ""data/external/execution/v11-final-2653-20260830-f8349fa0/incoming/shards/stage2/stage2_primary/point_desc__mask/worker_1/records.jsonl"", ""data/external/execution/v11-final-2653-20260830-f8349fa0/incoming/shards/stage2/stage2_primary/point_desc__mask/worker_2/records.jsonl"", ""data/external/execution/v11-final-2653-20260830-f8349fa0/incoming/shards/stage2/stage2_primary/point_desc__mask/worker_3/records.jsonl"", ""data/external/execution/v11-final-2653-20260830-f8349fa0/incoming/shards/stage2/stage2_primary/point_desc__mask/worker_4/records.jsonl"", ""data/external/execution/v11-final-2653-20260830-f8349fa0/incoming/shards/stage2/stage2_primary/point_desc__mask/worker_5/records.jsonl""]"	"[""74ecc6afc5a5ae4bd846eaf102e0f9ff90a72d5c750cbbe3a66199272bd2ed3c"", ""ff322ecb92c27fba9013e12bf2c9172840647b482c82a0e43d8672ba504b16df"", ""0e6ac3334e705d68af63da37a87f85e53639d8b065bfb0d0204365de80c3f4be"", ""d59e59b6ae2a8be91af315970f01d89580386829cc7d0d8e2d9b6846c92d6364"", ""fba9834fe80d2bfb05a688640bea90a774967f7f6a9dcf25d580e36822cee50a"", ""54b61fbd38e01c06b52b3779c297d2bf55dbb256c0706db566bf11acaeba2db7""]"	11205b2426a298be74fba18562c159e5c1554250d5f219d23318cd7c40b693d4	2653	65cd7a6aa4665d475f3663a6aec054a1eeb99bc283ba841cc20384abb257aa17	2400	0a548435ed13997afb0b3f82c7c53a299c7f6bdfade5b93f913d35c2e0f29c4b	"[""4735e4a954069f07f0d22e0228a3839d1f678b7c86f898d64f1a4a7a38546e12""]"	"[""0bdc606d92f115533dbc22704697217ca856f4ee7739174ae77a7de15fadf38a""]"	"[""66285546d2b821cf421d4f5eb2576359d3770cd3""]"	"[""stage2-primary-v1""]"	"[""1413e536e25e8e7dfd44db61b6c3a3a37f88c1a8d372299712c071ad04626220"", ""f13e596bf2974677f2d476dcc77b594f77d4f9427d27dae4f99b846d8c7c7bdf""]"	homogeneous qualified RTX-5090 production lineage	True	True	PASS
stage2_primary	point_desc	mirror	"[""data/external/execution/v11-final-2653-20260830-f8349fa0/incoming/shards/stage2/stage2_primary/point_desc__mirror/worker_0/records.jsonl"", ""data/external/execution/v11-final-2653-20260830-f8349fa0/incoming/shards/stage2/stage2_primary/point_desc__mirror/worker_1/records.jsonl"", ""data/external/execution/v11-final-2653-20260830-f8349fa0/incoming/shards/stage2/stage2_primary/point_desc__mirror/worker_2/records.jsonl"", ""data/external/execution/v11-final-2653-20260830-f8349fa0/incoming/shards/stage2/stage2_primary/point_desc__mirror/worker_3/records.jsonl"", ""data/external/execution/v11-final-2653-20260830-f8349fa0/incoming/shards/stage2/stage2_primary/point_desc__mirror/worker_4/records.jsonl"", ""data/external/execution/v11-final-2653-20260830-f8349fa0/incoming/shards/stage2/stage2_primary/point_desc__mirror/worker_5/records.jsonl""]"	"[""3ecd292199a27c28ebaf678c37bbf15d5d50c8fcff7191f7fda05b313cb943b5"", ""7f92f931ac77980e6712418fafe4bd0e00a7a4cfd91d019efd57813f7c71856b"", ""db11bc3097977ad91021c948d00a9cc5d8c21eae4b48ad2d4838d63e1d420108"", ""75e4cb0157cd4037b0ff251f398b78cc72457588c1ceaed00f15b9d65a89c821"", ""fb1c671d7dcbf016f5595d395d525537c845b17cb0d8bff70e35e9bc58fbaef5"", ""908aa9bc831ccb1d3c813e5a045c8af06843f8c0625675519324ff8ed956bfbf""]"	e4e8acd84cb787ceff69a152a499a37184ad84175052f70fa3e44c982d62c9b4	2653	65cd7a6aa4665d475f3663a6aec054a1eeb99bc283ba841cc20384abb257aa17	2400	0a548435ed13997afb0b3f82c7c53a299c7f6bdfade5b93f913d35c2e0f29c4b	"[""4735e4a954069f07f0d22e0228a3839d1f678b7c86f898d64f1a4a7a38546e12""]"	"[""0bdc606d92f115533dbc22704697217ca856f4ee7739174ae77a7de15fadf38a""]"	"[""66285546d2b821cf421d4f5eb2576359d3770cd3""]"	"[""stage2-primary-v1""]"	"[""1413e536e25e8e7dfd44db61b6c3a3a37f88c1a8d372299712c071ad04626220"", ""f13e596bf2974677f2d476dcc77b594f77d4f9427d27dae4f99b846d8c7c7bdf""]"	homogeneous qualified RTX-5090 production lineage	True	True	PASS
stage2_primary	point_desc	mismatch	"[""data/external/execution/v11-final-2653-20260830-f8349fa0/incoming/shards/stage2/stage2_primary/point_desc__mismatch/worker_0/records.jsonl"", ""data/external/execution/v11-final-2653-20260830-f8349fa0/incoming/shards/stage2/stage2_primary/point_desc__mismatch/worker_1/records.jsonl"", ""data/external/execution/v11-final-2653-20260830-f8349fa0/incoming/shards/stage2/stage2_primary/point_desc__mismatch/worker_2/records.jsonl"", ""data/external/execution/v11-final-2653-20260830-f8349fa0/incoming/shards/stage2/stage2_primary/point_desc__mismatch/worker_3/records.jsonl"", ""data/external/execution/v11-final-2653-20260830-f8349fa0/incoming/shards/stage2/stage2_primary/point_desc__mismatch/worker_4/records.jsonl"", ""data/external/execution/v11-final-2653-20260830-f8349fa0/incoming/shards/stage2/stage2_primary/point_desc__mismatch/worker_5/records.jsonl""]"	"[""2fc1dcebcdb3ac6478cf14d78bc67682af092bf57e6ce2ac05a6aa5fd8552a97"", ""99cd429b7b6ca43dfc6f6682ab5480ace5d2dc36a7ce87ff53a153d863e39ad0"", ""26944166afbcc005388cb1326f1e13335d017b60a238a0257715a19b88d09a09"", ""88687d31ec294860f45e522b07a2c743ce87394bfc98b071d69b42d5aa49e921"", ""0110a0175846b50cce0a48d5718d01c6b700fd1d9eb26f9a5fdcbf851bb402d1"", ""22d2875408d910b90bf7aac18216887a5ab3813d28c5a16b06fd207942f00e45""]"	7ab060371de5c4b8e54deccb50b8c9d444fd58d8f1becd1cdce571ffc4464f9e	2653	65cd7a6aa4665d475f3663a6aec054a1eeb99bc283ba841cc20384abb257aa17	2400	0a548435ed13997afb0b3f82c7c53a299c7f6bdfade5b93f913d35c2e0f29c4b	"[""4735e4a954069f07f0d22e0228a3839d1f678b7c86f898d64f1a4a7a38546e12""]"	"[""0bdc606d92f115533dbc22704697217ca856f4ee7739174ae77a7de15fadf38a""]"	"[""66285546d2b821cf421d4f5eb2576359d3770cd3""]"	"[""stage2-primary-v1""]"	"[""1413e536e25e8e7dfd44db61b6c3a3a37f88c1a8d372299712c071ad04626220"", ""f13e596bf2974677f2d476dcc77b594f77d4f9427d27dae4f99b846d8c7c7bdf""]"	homogeneous qualified RTX-5090 production lineage	True	True	PASS
stage2_primary	point_desc	noise	"[""data/external/execution/v11-final-2653-20260830-f8349fa0/incoming/shards/stage2/stage2_primary/point_desc__noise/worker_0/records.jsonl"", ""data/external/execution/v11-final-2653-20260830-f8349fa0/incoming/shards/stage2/stage2_primary/point_desc__noise/worker_1/records.jsonl"", ""data/external/execution/v11-final-2653-20260830-f8349fa0/incoming/shards/stage2/stage2_primary/point_desc__noise/worker_2/records.jsonl"", ""data/external/execution/v11-final-2653-20260830-f8349fa0/incoming/shards/stage2/stage2_primary/point_desc__noise/worker_3/records.jsonl"", ""data/external/execution/v11-final-2653-20260830-f8349fa0/incoming/shards/stage2/stage2_primary/point_desc__noise/worker_4/records.jsonl"", ""data/external/execution/v11-final-2653-20260830-f8349fa0/incoming/shards/stage2/stage2_primary/point_desc__noise/worker_5/records.jsonl""]"	"[""f599c481fd8a80987005a6a288172456c37233f6b019bbbbaeeb71e5ac86f059"", ""507d9d53683a73e3265cbd6524f3f414ab4d1b8c1aaab18b68d16c7fd62494c8"", ""74a9278ee73f93b73798a2bfc7f523f435e05f4bd935ce5df253a90a0327616a"", ""6bc76ebce0f49ef7c16031f380f58fc2aeaec19b595fe622b0f757f45b36e8ec"", ""f71f3262abd2a8c2ff22b45c9d2a233934708d60f50899d4ed35a32f1b362ae4"", ""b78f1328f336dbe8e8660f14b679ff2f5d50ee8b2d3d356b7e8ed67d17b1f42c""]"	4aeaf58874ac9618f5eb6b7b1ae0018d3ad36109adbc229868f35e75d07dcd60	2653	65cd7a6aa4665d475f3663a6aec054a1eeb99bc283ba841cc20384abb257aa17	2400	0a548435ed13997afb0b3f82c7c53a299c7f6bdfade5b93f913d35c2e0f29c4b	"[""4735e4a954069f07f0d22e0228a3839d1f678b7c86f898d64f1a4a7a38546e12""]"	"[""0bdc606d92f115533dbc22704697217ca856f4ee7739174ae77a7de15fadf38a""]"	"[""66285546d2b821cf421d4f5eb2576359d3770cd3""]"	"[""stage2-primary-v1""]"	"[""1413e536e25e8e7dfd44db61b6c3a3a37f88c1a8d372299712c071ad04626220"", ""f13e596bf2974677f2d476dcc77b594f77d4f9427d27dae4f99b846d8c7c7bdf""]"	homogeneous qualified RTX-5090 production lineage	True	True	PASS
stage2_primary	point_desc	source	"[""data/external/execution/v11-final-2653-20260830-f8349fa0/incoming/shards/stage2/stage2_primary/point_desc__source/worker_0/records.jsonl"", ""data/external/execution/v11-final-2653-20260830-f8349fa0/incoming/shards/stage2/stage2_primary/point_desc__source/worker_1/records.jsonl"", ""data/external/execution/v11-final-2653-20260830-f8349fa0/incoming/shards/stage2/stage2_primary/point_desc__source/worker_2/records.jsonl"", ""data/external/execution/v11-final-2653-20260830-f8349fa0/incoming/shards/stage2/stage2_primary/point_desc__source/worker_3/records.jsonl"", ""data/external/execution/v11-final-2653-20260830-f8349fa0/incoming/shards/stage2/stage2_primary/point_desc__source/worker_4/records.jsonl"", ""data/external/execution/v11-final-2653-20260830-f8349fa0/incoming/shards/stage2/stage2_primary/point_desc__source/worker_5/records.jsonl""]"	"[""4193cdf01bf5e4d5cccf1f8b37e36fbb11ba1faafef47981bcf5af0fa792dd80"", ""6555a8034f007cc23f53725784a94e5c26608b5a2481e4e0014c8fa3debc81a0"", ""1f2102bed44953842a0f007feb9c74d5b0a867308694f0ec57c5b4d25c160e04"", ""262ae7ad2f40fa0f1dc4c2095e9d6aa61755304c987701c88fceb331d087579e"", ""daad4d774a3e0d7caf3b4280eab352157238a515385731a3f265b6592c4b50cc"", ""aaf6afc8b14c2cef65c9b4767d6b422f42a08a0a7af98208c720f1d510801efb""]"	054671188c36384d355c7170802a344e8734d8ee367b66cdb3a6f7fc0108da51	2653	65cd7a6aa4665d475f3663a6aec054a1eeb99bc283ba841cc20384abb257aa17	2400	0a548435ed13997afb0b3f82c7c53a299c7f6bdfade5b93f913d35c2e0f29c4b	"[""4735e4a954069f07f0d22e0228a3839d1f678b7c86f898d64f1a4a7a38546e12""]"	"[""0bdc606d92f115533dbc22704697217ca856f4ee7739174ae77a7de15fadf38a""]"	"[""66285546d2b821cf421d4f5eb2576359d3770cd3""]"	"[""stage2-primary-v1""]"	"[""1413e536e25e8e7dfd44db61b6c3a3a37f88c1a8d372299712c071ad04626220"", ""f13e596bf2974677f2d476dcc77b594f77d4f9427d27dae4f99b846d8c7c7bdf""]"	homogeneous qualified RTX-5090 production lineage	True	True	PASS
stage2_known_change	plain	alternate_answer_source_image	"[""data/external/execution/v11-final-2653-20260830-f8349fa0/incoming/shards/stage2/stage2_known_change/plain__alternate_answer_source_image/worker_0/records.jsonl"", ""data/external/execution/v11-final-2653-20260830-f8349fa0/incoming/shards/stage2/stage2_known_change/plain__alternate_answer_source_image/worker_1/records.jsonl"", ""data/external/execution/v11-final-2653-20260830-f8349fa0/incoming/shards/stage2/stage2_known_change/plain__alternate_answer_source_image/worker_2/records.jsonl"", ""data/external/execution/v11-final-2653-20260830-f8349fa0/incoming/shards/stage2/stage2_known_change/plain__alternate_answer_source_image/worker_3/records.jsonl"", ""data/external/execution/v11-final-2653-20260830-f8349fa0/incoming/shards/stage2/stage2_known_change/plain__alternate_answer_source_image/worker_4/records.jsonl"", ""data/external/execution/v11-final-2653-20260830-f8349fa0/incoming/shards/stage2/stage2_known_change/plain__alternate_answer_source_image/worker_5/records.jsonl""]"	"[""acf2a6517be45d3b41ef2e56ed1042415441b5034f9947ae7fd4ad2545276a86"", ""ba4b24dbdab30ea7bea942765ac2441ca19e932b14cc37f426ff1b8777524e93"", ""37503207151801a8db72e06eefcc2de017f5408de20096fa0d86be4c90482d37"", ""311753ca1be2c2d29c3d18a11be65e917a1ea1c09a41554223b88a7f0f548604"", ""a8caa500e0430b432d11cb232f360c9a6c6c36ae93c3783ea2f28c4c9e3b6de8"", ""f50e5210fac4c15d1decf733af935b001c54e6821476b44fd26d566343dd9079""]"	eca5378cfe4f625b7e66c77130e7b027901171268d7a2f3ee7ee59e432a5293e	200	48ee562df66b31efed43f5c4c92d466e1a613b4db84e98f043369c8ae22275b5	185	9897ded8e77bad98d4ff87336a12cb28c6d278f5c3f81ed5dffcbf330bfaa176	"[""e629c5c818e527b810e6df8d6707e7c634f17ff984280479a992fb2b558569cb""]"	"[""5c5627554f044d10b9c7c891aab756a81245e70bdee213d27648887b0e48079b""]"	"[""66285546d2b821cf421d4f5eb2576359d3770cd3""]"	"[""stage2-known-change-v1""]"	"[""1413e536e25e8e7dfd44db61b6c3a3a37f88c1a8d372299712c071ad04626220"", ""f13e596bf2974677f2d476dcc77b594f77d4f9427d27dae4f99b846d8c7c7bdf""]"	homogeneous qualified RTX-5090 production lineage	True	True	PASS
stage2_known_change	plain_desc	alternate_answer_source_image	"[""data/external/execution/v11-final-2653-20260830-f8349fa0/incoming/shards/stage2/stage2_known_change/plain_desc__alternate_answer_source_image/worker_0/records.jsonl"", ""data/external/execution/v11-final-2653-20260830-f8349fa0/incoming/shards/stage2/stage2_known_change/plain_desc__alternate_answer_source_image/worker_1/records.jsonl"", ""data/external/execution/v11-final-2653-20260830-f8349fa0/incoming/shards/stage2/stage2_known_change/plain_desc__alternate_answer_source_image/worker_2/records.jsonl"", ""data/external/execution/v11-final-2653-20260830-f8349fa0/incoming/shards/stage2/stage2_known_change/plain_desc__alternate_answer_source_image/worker_3/records.jsonl"", ""data/external/execution/v11-final-2653-20260830-f8349fa0/incoming/shards/stage2/stage2_known_change/plain_desc__alternate_answer_source_image/worker_4/records.jsonl"", ""data/external/execution/v11-final-2653-20260830-f8349fa0/incoming/shards/stage2/stage2_known_change/plain_desc__alternate_answer_source_image/worker_5/records.jsonl""]"	"[""89e83ef5550a10dc9d375b6eba00c7ddc2a2a3edb7b07ee7c778bed588cad5d8"", ""0edc07c640c4c84ee2c02449274d7388538c49bba9cc37bf3092e0b303a1d6ba"", ""fd07be67bc51ccb3fd33077345918bb7fdb2e70955c9f59d6dc5bd6b8c3c4253"", ""9e55460b73bb795161e29dc57ca928455b9897e2f150a54416081b32295d48a5"", ""796d01e0c259c598eb2997c7baa46e46564327904506ae5461cf1e5907d07f39"", ""df50de55f99705b7c8589523fdb3fbbbe5df02da6822d93cd91fd41140fb83a3""]"	146b482916162e467622a535bd6b03afc35922fdbdbbfc2c41cb77e5a757b78b	200	48ee562df66b31efed43f5c4c92d466e1a613b4db84e98f043369c8ae22275b5	185	e75ab18224128a31f2807a2e1d000152d822d44e1eade7b4f1d4ebac8b9ccd6f	"[""b6016869c99b4ef27099f0e40aba3f28a6ea9528820144203b0ba06dbcb9a6b8""]"	"[""05a32ade19c26dc61eb5eaa3202c20bb3e084aa36eb944ed0d16627125b02e09""]"	"[""66285546d2b821cf421d4f5eb2576359d3770cd3""]"	"[""stage2-known-change-v1""]"	"[""1413e536e25e8e7dfd44db61b6c3a3a37f88c1a8d372299712c071ad04626220"", ""f13e596bf2974677f2d476dcc77b594f77d4f9427d27dae4f99b846d8c7c7bdf""]"	homogeneous qualified RTX-5090 production lineage	True	True	PASS
stage2_known_change	point	alternate_answer_source_image	"[""data/external/execution/v11-final-2653-20260830-f8349fa0/incoming/shards/stage2/stage2_known_change/point__alternate_answer_source_image/worker_0/records.jsonl"", ""data/external/execution/v11-final-2653-20260830-f8349fa0/incoming/shards/stage2/stage2_known_change/point__alternate_answer_source_image/worker_1/records.jsonl"", ""data/external/execution/v11-final-2653-20260830-f8349fa0/incoming/shards/stage2/stage2_known_change/point__alternate_answer_source_image/worker_2/records.jsonl"", ""data/external/execution/v11-final-2653-20260830-f8349fa0/incoming/shards/stage2/stage2_known_change/point__alternate_answer_source_image/worker_3/records.jsonl"", ""data/external/execution/v11-final-2653-20260830-f8349fa0/incoming/shards/stage2/stage2_known_change/point__alternate_answer_source_image/worker_4/records.jsonl"", ""data/external/execution/v11-final-2653-20260830-f8349fa0/incoming/shards/stage2/stage2_known_change/point__alternate_answer_source_image/worker_5/records.jsonl""]"	"[""a2035adee6903141b7373c0de78cb4a21216397918ed05de5061c6ed04d84696"", ""d15125e36796db71f02f6ede6164b9b6b5b762d704e69e8dc504fb6cc7b5615b"", ""c74c389a40b2416920559536a01a7d58d763b4743d7992feefc554c7a27ad281"", ""5b318f85636c987f1f24b9f3e8a19b4182726aacfe04b7790ba8f808230b307b"", ""d3734f2db60556ed84bc06d1315cf5d5abe12d74b68d471c54515f6a69e6b5a5"", ""39142d51d9582974393c9484d3b3934fc45576bec645bc651d42ab96caf8ea11""]"	dd63128ad40fa964c4564155b68f97e003d88953884f9fa4726b50053a9eec78	200	48ee562df66b31efed43f5c4c92d466e1a613b4db84e98f043369c8ae22275b5	185	cf187485b5a710f5e3e374aca2c93e5395ca50eee16442ed9c62117697f74918	"[""5cfa9a692280ff79ad93192e55c10292eacf69b2a05123f9a0d8957217f1931a""]"	"[""873dc3cf20a34f66b8456e5863b443353ed170a93a6a4ada334663b22afce44f""]"	"[""66285546d2b821cf421d4f5eb2576359d3770cd3""]"	"[""stage2-known-change-v1""]"	"[""1413e536e25e8e7dfd44db61b6c3a3a37f88c1a8d372299712c071ad04626220"", ""f13e596bf2974677f2d476dcc77b594f77d4f9427d27dae4f99b846d8c7c7bdf""]"	homogeneous qualified RTX-5090 production lineage	True	True	PASS
stage2_known_change	point_desc	alternate_answer_source_image	"[""data/external/execution/v11-final-2653-20260830-f8349fa0/incoming/shards/stage2/stage2_known_change/point_desc__alternate_answer_source_image/worker_0/records.jsonl"", ""data/external/execution/v11-final-2653-20260830-f8349fa0/incoming/shards/stage2/stage2_known_change/point_desc__alternate_answer_source_image/worker_1/records.jsonl"", ""data/external/execution/v11-final-2653-20260830-f8349fa0/incoming/shards/stage2/stage2_known_change/point_desc__alternate_answer_source_image/worker_2/records.jsonl"", ""data/external/execution/v11-final-2653-20260830-f8349fa0/incoming/shards/stage2/stage2_known_change/point_desc__alternate_answer_source_image/worker_3/records.jsonl"", ""data/external/execution/v11-final-2653-20260830-f8349fa0/incoming/shards/stage2/stage2_known_change/point_desc__alternate_answer_source_image/worker_4/records.jsonl"", ""data/external/execution/v11-final-2653-20260830-f8349fa0/incoming/shards/stage2/stage2_known_change/point_desc__alternate_answer_source_image/worker_5/records.jsonl""]"	"[""1e3349f80bd74ed7313752c2977e950a30c99b9ef70a92bb8a377de36fc6a966"", ""78dff3726c0b5459da79cfcb6b0e4aff5a2d70bc83b810b62e4b8972fb5c0fc3"", ""98386ee522955d157f3172aae4d91a3f8c96e01f783945df6ea6a3e95fd7ef0b"", ""0e992ecb414d005007a8196cf0e7fafbec846c667032123e3fc73db82c596dde"", ""246f24ed77b8d4fba6b3692515f2d8a8b9c133d6c856132121e77abbccda430a"", ""34a9dc9bd6c11eab8a775f0e58c83f32001b0d9f9493561def419ac4868da7a9""]"	94f3ed32e420bd90b2fd15bac09866243f9ff11d0ea09d76c4c4550633ca646f	200	48ee562df66b31efed43f5c4c92d466e1a613b4db84e98f043369c8ae22275b5	185	e6d52e16eff11dc2feaea8f89ac2c4151a4e4fa37538108cb3c8d0e62e47807b	"[""4735e4a954069f07f0d22e0228a3839d1f678b7c86f898d64f1a4a7a38546e12""]"	"[""0bdc606d92f115533dbc22704697217ca856f4ee7739174ae77a7de15fadf38a""]"	"[""66285546d2b821cf421d4f5eb2576359d3770cd3""]"	"[""stage2-known-change-v1""]"	"[""1413e536e25e8e7dfd44db61b6c3a3a37f88c1a8d372299712c071ad04626220"", ""f13e596bf2974677f2d476dcc77b594f77d4f9427d27dae4f99b846d8c7c7bdf""]"	homogeneous qualified RTX-5090 production lineage	True	True	PASS
stage2_description_ablation	plain_desc	grey_description_off	"[""data/external/execution/v11-final-2653-20260830-f8349fa0/incoming/shards/stage2/stage2_description_ablation/plain_desc__grey_description_off/worker_0/records.jsonl"", ""data/external/execution/v11-final-2653-20260830-f8349fa0/incoming/shards/stage2/stage2_description_ablation/plain_desc__grey_description_off/worker_1/records.jsonl"", ""data/external/execution/v11-final-2653-20260830-f8349fa0/incoming/shards/stage2/stage2_description_ablation/plain_desc__grey_description_off/worker_2/records.jsonl"", ""data/external/execution/v11-final-2653-20260830-f8349fa0/incoming/shards/stage2/stage2_description_ablation/plain_desc__grey_description_off/worker_3/records.jsonl"", ""data/external/execution/v11-final-2653-20260830-f8349fa0/incoming/shards/stage2/stage2_description_ablation/plain_desc__grey_description_off/worker_4/records.jsonl"", ""data/external/execution/v11-final-2653-20260830-f8349fa0/incoming/shards/stage2/stage2_description_ablation/plain_desc__grey_description_off/worker_5/records.jsonl""]"	"[""0f0fef95a01f5b02075d4984458df88b982325d90ac78e6a2f527118fc58987c"", ""f3c7987057d48ee539608e3ab9c00e317a18ef558cb2d6b1ea02bf6c7151c5ee"", ""e7d4e0d78af919c944fa3f818108f120609ed034171287e26bc63d7c2b27bf7c"", ""99efa15ff9ad9fff91e308de3a6474021d9d819c948b507e652a1b3e62e50167"", ""892743f2c99c5a8218efa5d5ef26601ff2030d7d24cc2cec6191eeed8f3dee6c"", ""32feb156d40e4c3a446ef9fbca572c43258c470d4ce531009d64394bdbe7f096""]"	4e509baed943eb136bec14923c3796ac5fc9fc8f6d2bcdd88672bc165af624a4	200	48ee562df66b31efed43f5c4c92d466e1a613b4db84e98f043369c8ae22275b5	185	9098949ce38a94acee4fa55aea24ab30491e89523c63752d80991ff3b93b5c42	"[""b6016869c99b4ef27099f0e40aba3f28a6ea9528820144203b0ba06dbcb9a6b8""]"	"[""05a32ade19c26dc61eb5eaa3202c20bb3e084aa36eb944ed0d16627125b02e09""]"	"[""66285546d2b821cf421d4f5eb2576359d3770cd3""]"	"[""stage2-description-ablation-v1""]"	"[""1413e536e25e8e7dfd44db61b6c3a3a37f88c1a8d372299712c071ad04626220"", ""f13e596bf2974677f2d476dcc77b594f77d4f9427d27dae4f99b846d8c7c7bdf""]"	homogeneous qualified RTX-5090 production lineage	True	True	PASS
stage2_description_ablation	plain_desc	source_description_off	"[""data/external/execution/v11-final-2653-20260830-f8349fa0/incoming/shards/stage2/stage2_description_ablation/plain_desc__source_description_off/worker_0/records.jsonl"", ""data/external/execution/v11-final-2653-20260830-f8349fa0/incoming/shards/stage2/stage2_description_ablation/plain_desc__source_description_off/worker_1/records.jsonl"", ""data/external/execution/v11-final-2653-20260830-f8349fa0/incoming/shards/stage2/stage2_description_ablation/plain_desc__source_description_off/worker_2/records.jsonl"", ""data/external/execution/v11-final-2653-20260830-f8349fa0/incoming/shards/stage2/stage2_description_ablation/plain_desc__source_description_off/worker_3/records.jsonl"", ""data/external/execution/v11-final-2653-20260830-f8349fa0/incoming/shards/stage2/stage2_description_ablation/plain_desc__source_description_off/worker_4/records.jsonl"", ""data/external/execution/v11-final-2653-20260830-f8349fa0/incoming/shards/stage2/stage2_description_ablation/plain_desc__source_description_off/worker_5/records.jsonl""]"	"[""5e9900cde4bfb5e47eaaf2ef81b75f460deaa729fb2a4f608c0a2dd75efa5079"", ""3f9e3e45ead03bbb21cbe653bb28ffd3aaaee0fa316f58bd4fff86c2b2beee4b"", ""d0c902e77e885bf3161fc16543c1c509b3de45d57d8ab0ce64bef71f49749fc3"", ""1946c722181f5d4ab3b6d615162be1e07f41fd2b41df7029d054e18e128b5cbb"", ""68485d9a913409987a776a8f2aab9392fc0cbcc816a57ef28bc1f9d4ab32f4e8"", ""8f2e320fbcc18b4e9dc023da9f8dce49d2ea9466e11fab4b2f482c13fe11210b""]"	7bae1eaade79019c492472b20c6ecc5fcbf8f4330320f5faa2cf2d78fbe3917f	200	48ee562df66b31efed43f5c4c92d466e1a613b4db84e98f043369c8ae22275b5	185	9098949ce38a94acee4fa55aea24ab30491e89523c63752d80991ff3b93b5c42	"[""b6016869c99b4ef27099f0e40aba3f28a6ea9528820144203b0ba06dbcb9a6b8""]"	"[""05a32ade19c26dc61eb5eaa3202c20bb3e084aa36eb944ed0d16627125b02e09""]"	"[""66285546d2b821cf421d4f5eb2576359d3770cd3""]"	"[""stage2-description-ablation-v1""]"	"[""1413e536e25e8e7dfd44db61b6c3a3a37f88c1a8d372299712c071ad04626220"", ""f13e596bf2974677f2d476dcc77b594f77d4f9427d27dae4f99b846d8c7c7bdf""]"	homogeneous qualified RTX-5090 production lineage	True	True	PASS
stage2_description_ablation	point_desc	grey_description_off	"[""data/external/execution/v11-final-2653-20260830-f8349fa0/incoming/shards/stage2/stage2_description_ablation/point_desc__grey_description_off/worker_0/records.jsonl"", ""data/external/execution/v11-final-2653-20260830-f8349fa0/incoming/shards/stage2/stage2_description_ablation/point_desc__grey_description_off/worker_1/records.jsonl"", ""data/external/execution/v11-final-2653-20260830-f8349fa0/incoming/shards/stage2/stage2_description_ablation/point_desc__grey_description_off/worker_2/records.jsonl"", ""data/external/execution/v11-final-2653-20260830-f8349fa0/incoming/shards/stage2/stage2_description_ablation/point_desc__grey_description_off/worker_3/records.jsonl"", ""data/external/execution/v11-final-2653-20260830-f8349fa0/incoming/shards/stage2/stage2_description_ablation/point_desc__grey_description_off/worker_4/records.jsonl"", ""data/external/execution/v11-final-2653-20260830-f8349fa0/incoming/shards/stage2/stage2_description_ablation/point_desc__grey_description_off/worker_5/records.jsonl""]"	"[""4b534f7b4de8894a4c81a8f80fd0187998439a64b73b213d64c002eccf2ef515"", ""311d24bc65cf0c268d5bc74d2c9a6d3c8fcf7e9411087ed2cf7f0f45c03936ab"", ""d109b747b203616f924c57bf3fe64547fe1d9c38abbedc4d77eae783cfbb4b62"", ""3dedc0faad1dad47a79fc9621f835002e65f4611aa1342b02bc3955f13fc30cc"", ""87e8ba575ea50897b1321402cca62127cf6cd4518f25004e17f22df113b46119"", ""b5411c1afffb7ff6395d3517ec4eb853caa07029f148cb7fbc877c7c5c20d5cc""]"	814bcbcb6f1267378a99ecf7160e2f89bf62e0f342a5cd3f3dc4e538ba4b7286	200	48ee562df66b31efed43f5c4c92d466e1a613b4db84e98f043369c8ae22275b5	185	9098949ce38a94acee4fa55aea24ab30491e89523c63752d80991ff3b93b5c42	"[""4735e4a954069f07f0d22e0228a3839d1f678b7c86f898d64f1a4a7a38546e12""]"	"[""0bdc606d92f115533dbc22704697217ca856f4ee7739174ae77a7de15fadf38a""]"	"[""66285546d2b821cf421d4f5eb2576359d3770cd3""]"	"[""stage2-description-ablation-v1""]"	"[""1413e536e25e8e7dfd44db61b6c3a3a37f88c1a8d372299712c071ad04626220"", ""f13e596bf2974677f2d476dcc77b594f77d4f9427d27dae4f99b846d8c7c7bdf""]"	homogeneous qualified RTX-5090 production lineage	True	True	PASS
stage2_description_ablation	point_desc	source_description_off	"[""data/external/execution/v11-final-2653-20260830-f8349fa0/incoming/shards/stage2/stage2_description_ablation/point_desc__source_description_off/worker_0/records.jsonl"", ""data/external/execution/v11-final-2653-20260830-f8349fa0/incoming/shards/stage2/stage2_description_ablation/point_desc__source_description_off/worker_1/records.jsonl"", ""data/external/execution/v11-final-2653-20260830-f8349fa0/incoming/shards/stage2/stage2_description_ablation/point_desc__source_description_off/worker_2/records.jsonl"", ""data/external/execution/v11-final-2653-20260830-f8349fa0/incoming/shards/stage2/stage2_description_ablation/point_desc__source_description_off/worker_3/records.jsonl"", ""data/external/execution/v11-final-2653-20260830-f8349fa0/incoming/shards/stage2/stage2_description_ablation/point_desc__source_description_off/worker_4/records.jsonl"", ""data/external/execution/v11-final-2653-20260830-f8349fa0/incoming/shards/stage2/stage2_description_ablation/point_desc__source_description_off/worker_5/records.jsonl""]"	"[""ad164c12c6f15f382c51db41c2c91aecfe9f7b857679c69ec2c1505b9bb7cbd2"", ""37eb75a57fea650e638551ee39433a84da4d0061048eb0828e58b5f3d1560984"", ""690d2113b7dad5715cbac1b33fa473f9040ae9450df475e2401588909c2b6ecc"", ""e57a28d384edeefcd75d8cbe6595bb30fad9db9ca2fbd74bc014b653d9695727"", ""410dcfee470389b1e166b60bb152c83199e644434f094cae2543edf27318cafb"", ""1a2f15b47e6239d72ad27e993cc2f4f83c3412d0162fd26600ec2e1f4d4c87a4""]"	88abb30c5529877f0dfa4778eaaa61e3b35f005ad34000bd3c621d7bf286a9f9	200	48ee562df66b31efed43f5c4c92d466e1a613b4db84e98f043369c8ae22275b5	185	9098949ce38a94acee4fa55aea24ab30491e89523c63752d80991ff3b93b5c42	"[""4735e4a954069f07f0d22e0228a3839d1f678b7c86f898d64f1a4a7a38546e12""]"	"[""0bdc606d92f115533dbc22704697217ca856f4ee7739174ae77a7de15fadf38a""]"	"[""66285546d2b821cf421d4f5eb2576359d3770cd3""]"	"[""stage2-description-ablation-v1""]"	"[""1413e536e25e8e7dfd44db61b6c3a3a37f88c1a8d372299712c071ad04626220"", ""f13e596bf2974677f2d476dcc77b594f77d4f9427d27dae4f99b846d8c7c7bdf""]"	homogeneous qualified RTX-5090 production lineage	True	True	PASS
